746c3fa5-80f6-11ef-8667-18c04d6299ac,"{'log': 1, 'verbose': 1, 'run_info': ['SLIM+SIG2', UUID('746c3fa5-80f6-11ef-8667-18c04d6299ac'), 'ppb'], 'ffunction': <function rmse at 0x000001DB0F1AEDC0>, 'max_depth': 100, 'reconstruct': True, 'log_path': 'C:\\Users\\Utilizador\\Documents\\Doutoramento\\slim\\slim\\log\\slim.csv', 'elitism': True, 'n_elites': 1, 'n_iter': 100, 'test_elite': True, 'initializer': <function full at 0x000001DB0F1AE310>, 'selector': <function tournament_selection_min_slim.<locals>.ts at 0x000001DB0F1BC310>, 'crossover': <function geometric_crossover at 0x000001DB0F1AE550>, 'ms': <function generate_random_uniform.<locals>.generate_num at 0x000001DB0F1CEEE0>, 'inflate_mutator': <function inflate_mutation.<locals>.inflate at 0x000001DB0F31B790>, 'deflate_mutator': <function deflate_mutation at 0x000001DB0F1AEAF0>, 'p_xo': 0, 'settings_dict': {'p_test': 0.2}, 'find_elit_func': <function get_best_min at 0x000001DB0F1A1AF0>, 'p_inflate': 0.5, 'copy_parent': None, 'operator': 'sum', 'p_m': 1, 'two_trees': True, 'p_deflate': 0.5, 'pop_size': 100, 'FUNCTIONS': {'add': {'function': <built-in method add of type object at 0x00007FF9013AEE80>, 'arity': 2}, 'subtract': {'function': <built-in method sub of type object at 0x00007FF9013AEE80>, 'arity': 2}, 'multiply': {'function': <built-in method mul of type object at 0x00007FF9013AEE80>, 'arity': 2}, 'divide': {'function': <function protected_div at 0x000001DB761AFEE0>, 'arity': 2}}, 'CONSTANTS': {'constant_2': <function <lambda> at 0x000001DB55BB33A0>, 'constant_3': <function <lambda> at 0x000001DB0F1BC0D0>, 'constant_4': <function <lambda> at 0x000001DB0F1BC160>, 'constant_5': <function <lambda> at 0x000001DB0F1BC1F0>, 'constant__1': <function <lambda> at 0x000001DB0F1BC280>}, 'p_c': 1, 'init_pop_size': 100, 'init_depth': 6, 'p_test': 0.2}"
ca611198-80f6-11ef-8898-18c04d6299ac,"{'log': 1, 'verbose': 1, 'run_info': ['SLIM+SIG2', UUID('ca611198-80f6-11ef-8898-18c04d6299ac'), 'ppb'], 'ffunction': <function rmse at 0x0000021CE669DDC0>, 'max_depth': 100, 'reconstruct': True, 'log_path': 'C:\\Users\\Utilizador\\Documents\\Doutoramento\\slim\\slim\\log\\slim.csv', 'elitism': True, 'n_elites': 1, 'n_iter': 100, 'test_elite': True, 'initializer': <function full at 0x0000021CE669D310>, 'selector': <function tournament_selection_min_slim.<locals>.ts at 0x0000021CE66AB310>, 'crossover': <function geometric_crossover at 0x0000021CE669D550>, 'ms': <function generate_random_uniform.<locals>.generate_num at 0x0000021CE66BCEE0>, 'inflate_mutator': <function inflate_mutation.<locals>.inflate at 0x0000021CE680B790>, 'deflate_mutator': <function deflate_mutation at 0x0000021CE669DAF0>, 'p_xo': 0, 'settings_dict': {'p_test': 0.2}, 'find_elit_func': <function get_best_min at 0x0000021CE6691AF0>, 'p_inflate': 0.5, 'copy_parent': None, 'operator': 'sum', 'p_m': 1, 'two_trees': True, 'p_deflate': 0.5, 'pop_size': 100, 'FUNCTIONS': {'add': {'function': <built-in method add of type object at 0x00007FF9013AEE80>, 'arity': 2}, 'subtract': {'function': <built-in method sub of type object at 0x00007FF9013AEE80>, 'arity': 2}, 'multiply': {'function': <built-in method mul of type object at 0x00007FF9013AEE80>, 'arity': 2}, 'divide': {'function': <function protected_div at 0x0000021CCD6AFEE0>, 'arity': 2}}, 'CONSTANTS': {'constant_2': <function <lambda> at 0x0000021CAD0C33A0>, 'constant_3': <function <lambda> at 0x0000021CE66AB0D0>, 'constant_4': <function <lambda> at 0x0000021CE66AB160>, 'constant_5': <function <lambda> at 0x0000021CE66AB1F0>, 'constant__1': <function <lambda> at 0x0000021CE66AB280>}, 'p_c': 1, 'init_pop_size': 100, 'init_depth': 6, 'p_test': 0.2}"
ef00b9bd-80f9-11ef-891d-18c04d6299ac,"{'log': 1, 'verbose': 1, 'run_info': ['SLIM+SIG2', UUID('ef00b9bd-80f9-11ef-891d-18c04d6299ac'), 'ppb'], 'ffunction': <function rmse at 0x00000252C559FDC0>, 'max_depth': 100, 'reconstruct': True, 'log_path': 'C:\\Users\\Utilizador\\Documents\\Doutoramento\\slim\\slim\\log\\slim.csv', 'elitism': True, 'n_elites': 1, 'n_iter': 100, 'test_elite': True, 'initializer': <function full at 0x00000252C559F310>, 'selector': <function tournament_selection_min_slim.<locals>.ts at 0x00000252C55AE310>, 'crossover': <function geometric_crossover at 0x00000252C559F550>, 'ms': <function generate_random_uniform.<locals>.generate_num at 0x00000252C55BDE50>, 'inflate_mutator': <function inflate_mutation.<locals>.inflate at 0x00000252C570C700>, 'deflate_mutator': <function deflate_mutation at 0x00000252C559FAF0>, 'p_xo': 0, 'settings_dict': {'p_test': 0.2}, 'find_elit_func': <function get_best_min at 0x00000252C5591AF0>, 'p_inflate': 0.5, 'copy_parent': None, 'operator': 'sum', 'p_m': 1, 'two_trees': True, 'p_deflate': 0.5, 'pop_size': 100, 'FUNCTIONS': {'add': {'function': <built-in method add of type object at 0x00007FF900F8EE80>, 'arity': 2}, 'subtract': {'function': <built-in method sub of type object at 0x00007FF900F8EE80>, 'arity': 2}, 'multiply': {'function': <built-in method mul of type object at 0x00007FF900F8EE80>, 'arity': 2}, 'divide': {'function': <function protected_div at 0x00000252AC5B0EE0>, 'arity': 2}}, 'CONSTANTS': {'constant_2': <function <lambda> at 0x000002528BFB14C0>, 'constant_3': <function <lambda> at 0x00000252C55AE0D0>, 'constant_4': <function <lambda> at 0x00000252C55AE160>, 'constant_5': <function <lambda> at 0x00000252C55AE1F0>, 'constant__1': <function <lambda> at 0x00000252C55AE280>}, 'p_c': 1, 'init_pop_size': 100, 'init_depth': 6, 'p_test': 0.2}"
0444c82c-80fa-11ef-824e-18c04d6299ac,"{'log': 1, 'verbose': 1, 'run_info': ['SLIM+SIG2', UUID('0444c82c-80fa-11ef-824e-18c04d6299ac'), 'ppb'], 'ffunction': <function rmse at 0x000001B052BCCE50>, 'max_depth': 100, 'reconstruct': True, 'log_path': 'C:\\Users\\Utilizador\\Documents\\Doutoramento\\slim\\slim\\log\\slim.csv', 'elitism': True, 'n_elites': 1, 'n_iter': 100, 'test_elite': True, 'initializer': <function full at 0x000001B052BCC3A0>, 'selector': <function tournament_selection_min_slim.<locals>.ts at 0x000001B052BDC3A0>, 'crossover': <function geometric_crossover at 0x000001B052BCC5E0>, 'ms': <function generate_random_uniform.<locals>.generate_num at 0x000001B052BEDEE0>, 'inflate_mutator': <function inflate_mutation.<locals>.inflate at 0x000001B052D3B790>, 'deflate_mutator': <function deflate_mutation at 0x000001B052BCCB80>, 'p_xo': 0, 'settings_dict': {'p_test': 0.2}, 'find_elit_func': <function get_best_min at 0x000001B052BC0B80>, 'p_inflate': 0.5, 'copy_parent': None, 'operator': 'sum', 'p_m': 1, 'two_trees': True, 'p_deflate': 0.5, 'pop_size': 100, 'FUNCTIONS': {'add': {'function': <built-in method add of type object at 0x00007FF900F8EE80>, 'arity': 2}, 'subtract': {'function': <built-in method sub of type object at 0x00007FF900F8EE80>, 'arity': 2}, 'multiply': {'function': <built-in method mul of type object at 0x00007FF900F8EE80>, 'arity': 2}, 'divide': {'function': <function protected_div at 0x000001B039BD1F70>, 'arity': 2}}, 'CONSTANTS': {'constant_2': <function <lambda> at 0x000001B0195D33A0>, 'constant_3': <function <lambda> at 0x000001B052BDC160>, 'constant_4': <function <lambda> at 0x000001B052BDC1F0>, 'constant_5': <function <lambda> at 0x000001B052BDC280>, 'constant__1': <function <lambda> at 0x000001B052BDC310>}, 'p_c': 1, 'init_pop_size': 100, 'init_depth': 6, 'p_test': 0.2}"
17af2c81-80fa-11ef-be88-18c04d6299ac,"{'log': 1, 'verbose': 1, 'run_info': ['SLIM+SIG2', UUID('17af2c81-80fa-11ef-be88-18c04d6299ac'), 'ppb'], 'ffunction': <function rmse at 0x000001C43098DE50>, 'max_depth': 100, 'reconstruct': True, 'log_path': 'C:\\Users\\Utilizador\\Documents\\Doutoramento\\slim\\slim\\log\\slim.csv', 'elitism': True, 'n_elites': 1, 'n_iter': 100, 'test_elite': True, 'initializer': <function full at 0x000001C43098D3A0>, 'selector': <function tournament_selection_min_slim.<locals>.ts at 0x000001C43099C3A0>, 'crossover': <function geometric_crossover at 0x000001C43098D5E0>, 'ms': <function generate_random_uniform.<locals>.generate_num at 0x000001C4309AEEE0>, 'inflate_mutator': <function inflate_mutation.<locals>.inflate at 0x000001C430AFC790>, 'deflate_mutator': <function deflate_mutation at 0x000001C43098DB80>, 'p_xo': 0, 'settings_dict': {'p_test': 0.2}, 'find_elit_func': <function get_best_min at 0x000001C430980B80>, 'p_inflate': 0.5, 'copy_parent': None, 'operator': 'sum', 'p_m': 1, 'two_trees': True, 'p_deflate': 0.5, 'pop_size': 100, 'FUNCTIONS': {'add': {'function': <built-in method add of type object at 0x00007FF900F8EE80>, 'arity': 2}, 'subtract': {'function': <built-in method sub of type object at 0x00007FF900F8EE80>, 'arity': 2}, 'multiply': {'function': <built-in method mul of type object at 0x00007FF900F8EE80>, 'arity': 2}, 'divide': {'function': <function protected_div at 0x000001C417991F70>, 'arity': 2}}, 'CONSTANTS': {'constant_2': <function <lambda> at 0x000001C4773A33A0>, 'constant_3': <function <lambda> at 0x000001C43099C160>, 'constant_4': <function <lambda> at 0x000001C43099C1F0>, 'constant_5': <function <lambda> at 0x000001C43099C280>, 'constant__1': <function <lambda> at 0x000001C43099C310>}, 'p_c': 1, 'init_pop_size': 100, 'init_depth': 6, 'p_test': 0.2}"
29c61a65-80fa-11ef-b6a1-18c04d6299ac,"{'log': 1, 'verbose': 1, 'run_info': ['SLIM+SIG2', UUID('29c61a65-80fa-11ef-b6a1-18c04d6299ac'), 'ppb'], 'ffunction': <function rmse at 0x000001D74177DE50>, 'max_depth': 100, 'reconstruct': True, 'log_path': 'C:\\Users\\Utilizador\\Documents\\Doutoramento\\slim\\slim\\log\\slim.csv', 'elitism': True, 'n_elites': 1, 'n_iter': 100, 'test_elite': True, 'initializer': <function full at 0x000001D74177D3A0>, 'selector': <function tournament_selection_min_slim.<locals>.ts at 0x000001D74178C3A0>, 'crossover': <function geometric_crossover at 0x000001D74177D5E0>, 'ms': <function generate_random_uniform.<locals>.generate_num at 0x000001D74179DEE0>, 'inflate_mutator': <function inflate_mutation.<locals>.inflate at 0x000001D7418EB790>, 'deflate_mutator': <function deflate_mutation at 0x000001D74177DB80>, 'p_xo': 0, 'settings_dict': {'p_test': 0.2}, 'find_elit_func': <function get_best_min at 0x000001D741770B80>, 'p_inflate': 0.5, 'copy_parent': None, 'operator': 'sum', 'p_m': 1, 'two_trees': True, 'p_deflate': 0.5, 'pop_size': 100, 'FUNCTIONS': {'add': {'function': <built-in method add of type object at 0x00007FF900F8EE80>, 'arity': 2}, 'subtract': {'function': <built-in method sub of type object at 0x00007FF900F8EE80>, 'arity': 2}, 'multiply': {'function': <built-in method mul of type object at 0x00007FF900F8EE80>, 'arity': 2}, 'divide': {'function': <function protected_div at 0x000001D728781F70>, 'arity': 2}}, 'CONSTANTS': {'constant_2': <function <lambda> at 0x000001D7081933A0>, 'constant_3': <function <lambda> at 0x000001D74178C160>, 'constant_4': <function <lambda> at 0x000001D74178C1F0>, 'constant_5': <function <lambda> at 0x000001D74178C280>, 'constant__1': <function <lambda> at 0x000001D74178C310>}, 'p_c': 1, 'init_pop_size': 100, 'init_depth': 6, 'p_test': 0.2}"
93807f5e-81b6-11ef-bb7c-18c04d6299ac,"{'log': 1, 'verbose': 1, 'run_info': ['SLIM+SIG2', UUID('93807f5e-81b6-11ef-bb7c-18c04d6299ac'), 'ppb'], 'ffunction': <function rmse at 0x00000253D144C040>, 'max_depth': None, 'reconstruct': False, 'log_path': 'C:\\Users\\Utilizador\\Documents\\Doutoramento\\slim\\slim\\log\\slim.csv', 'elitism': True, 'n_elites': 1, 'n_iter': 100, 'test_elite': True, 'initializer': <function rhh at 0x00000253D14405E0>, 'selector': <function tournament_selection_min_slim.<locals>.ts at 0x00000253D144C550>, 'crossover': <function geometric_crossover at 0x00000253D1440790>, 'ms': <function generate_random_uniform.<locals>.generate_num at 0x00000253D15AF940>, 'inflate_mutator': <function inflate_mutation.<locals>.inflate at 0x00000253D157F0D0>, 'deflate_mutator': <function deflate_mutation at 0x00000253D1440D30>, 'p_xo': 0, 'settings_dict': {'p_test': 0.2}, 'find_elit_func': <function get_best_min at 0x00000253D1433CA0>, 'p_inflate': 0.5, 'copy_parent': False, 'operator': 'sum', 'p_m': 1, 'two_trees': True, 'p_deflate': 0.5, 'pop_size': 100, 'FUNCTIONS': {'add': {'function': <built-in method add of type object at 0x00007FF8BC09EE80>, 'arity': 2}, 'subtract': {'function': <built-in method sub of type object at 0x00007FF8BC09EE80>, 'arity': 2}, 'multiply': {'function': <built-in method mul of type object at 0x00007FF8BC09EE80>, 'arity': 2}, 'divide': {'function': <function protected_div at 0x00000253B84470D0>, 'arity': 2}}, 'CONSTANTS': {'constant_2': <function <lambda> at 0x00000253D1440310>, 'constant_3': <function <lambda> at 0x00000253D144C310>, 'constant_4': <function <lambda> at 0x00000253D144C3A0>, 'constant_5': <function <lambda> at 0x00000253D144C430>, 'constant__1': <function <lambda> at 0x00000253D144C4C0>}, 'p_c': 0.2, 'init_pop_size': 100, 'init_depth': 6, 'p_test': 0.2}"
b38033cc-81b6-11ef-9a1b-18c04d6299ac,"{'log': 1, 'verbose': 1, 'run_info': ['SLIM+SIG2', UUID('b38033cc-81b6-11ef-9a1b-18c04d6299ac'), 'ppb'], 'ffunction': <function rmse at 0x00000249A743C040>, 'max_depth': None, 'reconstruct': False, 'log_path': 'C:\\Users\\Utilizador\\Documents\\Doutoramento\\slim\\slim\\log\\slim.csv', 'elitism': True, 'n_elites': 1, 'n_iter': 100, 'test_elite': True, 'initializer': <function rhh at 0x00000249A742E5E0>, 'selector': <function tournament_selection_min_slim.<locals>.ts at 0x00000249A743C550>, 'crossover': <function geometric_crossover at 0x00000249A742E790>, 'ms': <function generate_random_uniform.<locals>.generate_num at 0x00000249A759F940>, 'inflate_mutator': <function inflate_mutation.<locals>.inflate at 0x00000249A75700D0>, 'deflate_mutator': <function deflate_mutation at 0x00000249A742ED30>, 'p_xo': 0, 'settings_dict': {'p_test': 0.2}, 'find_elit_func': <function get_best_min at 0x00000249A7422CA0>, 'p_inflate': 0.5, 'copy_parent': False, 'operator': 'sum', 'p_m': 1, 'two_trees': True, 'p_deflate': 0.5, 'pop_size': 100, 'FUNCTIONS': {'add': {'function': <built-in method add of type object at 0x00007FF8BC09EE80>, 'arity': 2}, 'subtract': {'function': <built-in method sub of type object at 0x00007FF8BC09EE80>, 'arity': 2}, 'multiply': {'function': <built-in method mul of type object at 0x00007FF8BC09EE80>, 'arity': 2}, 'divide': {'function': <function protected_div at 0x000002498E4370D0>, 'arity': 2}}, 'CONSTANTS': {'constant_2': <function <lambda> at 0x00000249A742E310>, 'constant_3': <function <lambda> at 0x00000249A743C310>, 'constant_4': <function <lambda> at 0x00000249A743C3A0>, 'constant_5': <function <lambda> at 0x00000249A743C430>, 'constant__1': <function <lambda> at 0x00000249A743C4C0>}, 'p_c': 0.2, 'init_pop_size': 100, 'init_depth': 6, 'p_test': 0.2}"
eb33b7cd-81b6-11ef-838f-18c04d6299ac,"{'log': 1, 'verbose': 1, 'run_info': ['SLIM+SIG2', UUID('eb33b7cd-81b6-11ef-838f-18c04d6299ac'), 'ppb'], 'ffunction': <function rmse at 0x00000215ADC0C040>, 'max_depth': None, 'reconstruct': False, 'log_path': 'C:\\Users\\Utilizador\\Documents\\Doutoramento\\slim\\slim\\log\\slim.csv', 'elitism': True, 'n_elites': 1, 'n_iter': 100, 'test_elite': True, 'initializer': <function rhh at 0x00000215ADBFE5E0>, 'selector': <function tournament_selection_min_slim.<locals>.ts at 0x00000215ADC0C550>, 'crossover': <function geometric_crossover at 0x00000215ADBFE790>, 'ms': <function generate_random_uniform.<locals>.generate_num at 0x00000215ADD6E940>, 'inflate_mutator': <function inflate_mutation.<locals>.inflate at 0x00000215ADD410D0>, 'deflate_mutator': <function deflate_mutation at 0x00000215ADBFED30>, 'p_xo': 0, 'settings_dict': {'p_test': 0.2}, 'find_elit_func': <function get_best_min at 0x00000215ADBF3CA0>, 'p_inflate': 0.5, 'copy_parent': False, 'operator': 'sum', 'p_m': 1, 'two_trees': True, 'p_deflate': 0.5, 'pop_size': 100, 'FUNCTIONS': {'add': {'function': <built-in method add of type object at 0x00007FF8BC09EE80>, 'arity': 2}, 'subtract': {'function': <built-in method sub of type object at 0x00007FF8BC09EE80>, 'arity': 2}, 'multiply': {'function': <built-in method mul of type object at 0x00007FF8BC09EE80>, 'arity': 2}, 'divide': {'function': <function protected_div at 0x0000021594C070D0>, 'arity': 2}}, 'CONSTANTS': {'constant_2': <function <lambda> at 0x00000215ADBFE310>, 'constant_3': <function <lambda> at 0x00000215ADC0C310>, 'constant_4': <function <lambda> at 0x00000215ADC0C3A0>, 'constant_5': <function <lambda> at 0x00000215ADC0C430>, 'constant__1': <function <lambda> at 0x00000215ADC0C4C0>}, 'p_c': 0.2, 'init_pop_size': 100, 'init_depth': 6, 'p_test': 0.2}"
0deac113-81b7-11ef-ab56-18c04d6299ac,"{'log': 1, 'verbose': 1, 'run_info': ['SLIM+SIG2', UUID('0deac113-81b7-11ef-ab56-18c04d6299ac'), 'ppb'], 'ffunction': <function rmse at 0x000001D9E8F2B0D0>, 'max_depth': None, 'reconstruct': True, 'log_path': 'C:\\Users\\Utilizador\\Documents\\Doutoramento\\slim\\slim\\log\\slim.csv', 'elitism': True, 'n_elites': 1, 'n_iter': 100, 'test_elite': True, 'initializer': <function rhh at 0x000001D9E8F20670>, 'selector': <function tournament_selection_min_slim.<locals>.ts at 0x000001D9E8F2B5E0>, 'crossover': <function geometric_crossover at 0x000001D9E8F20820>, 'ms': <function generate_random_uniform.<locals>.generate_num at 0x000001D9E908D9D0>, 'inflate_mutator': <function inflate_mutation.<locals>.inflate at 0x000001D9E9061160>, 'deflate_mutator': <function deflate_mutation at 0x000001D9E8F20DC0>, 'p_xo': 0, 'settings_dict': {'p_test': 0.2}, 'find_elit_func': <function get_best_min at 0x000001D9E8F11D30>, 'p_inflate': 0.5, 'copy_parent': False, 'operator': 'sum', 'p_m': 1, 'two_trees': True, 'p_deflate': 0.5, 'pop_size': 100, 'FUNCTIONS': {'add': {'function': <built-in method add of type object at 0x00007FF8BC09EE80>, 'arity': 2}, 'subtract': {'function': <built-in method sub of type object at 0x00007FF8BC09EE80>, 'arity': 2}, 'multiply': {'function': <built-in method mul of type object at 0x00007FF8BC09EE80>, 'arity': 2}, 'divide': {'function': <function protected_div at 0x000001D9CFF27160>, 'arity': 2}}, 'CONSTANTS': {'constant_2': <function <lambda> at 0x000001D9E8F203A0>, 'constant_3': <function <lambda> at 0x000001D9E8F2B3A0>, 'constant_4': <function <lambda> at 0x000001D9E8F2B430>, 'constant_5': <function <lambda> at 0x000001D9E8F2B4C0>, 'constant__1': <function <lambda> at 0x000001D9E8F2B550>}, 'p_c': 0.2, 'init_pop_size': 100, 'init_depth': 6, 'p_test': 0.2}"
196aa33a-81b7-11ef-b1ab-18c04d6299ac,"{'log': 1, 'verbose': 1, 'run_info': ['SLIM+SIG2', UUID('196aa33a-81b7-11ef-b1ab-18c04d6299ac'), 'ppb'], 'ffunction': <function rmse at 0x0000026050B2C0D0>, 'max_depth': None, 'reconstruct': True, 'log_path': 'C:\\Users\\Utilizador\\Documents\\Doutoramento\\slim\\slim\\log\\slim.csv', 'elitism': True, 'n_elites': 1, 'n_iter': 100, 'test_elite': True, 'initializer': <function rhh at 0x0000026050B1F670>, 'selector': <function tournament_selection_min_slim.<locals>.ts at 0x0000026050B2C5E0>, 'crossover': <function geometric_crossover at 0x0000026050B1F820>, 'ms': <function generate_random_uniform.<locals>.generate_num at 0x0000026050C8F9D0>, 'inflate_mutator': <function inflate_mutation.<locals>.inflate at 0x0000026050C69160>, 'deflate_mutator': <function deflate_mutation at 0x0000026050B1FDC0>, 'p_xo': 0, 'settings_dict': {'p_test': 0.2}, 'find_elit_func': <function get_best_min at 0x0000026050B13D30>, 'p_inflate': 0.5, 'copy_parent': False, 'operator': 'sum', 'p_m': 1, 'two_trees': True, 'p_deflate': 0.5, 'pop_size': 100, 'FUNCTIONS': {'add': {'function': <built-in method add of type object at 0x00007FF8BC09EE80>, 'arity': 2}, 'subtract': {'function': <built-in method sub of type object at 0x00007FF8BC09EE80>, 'arity': 2}, 'multiply': {'function': <built-in method mul of type object at 0x00007FF8BC09EE80>, 'arity': 2}, 'divide': {'function': <function protected_div at 0x0000026037B27160>, 'arity': 2}}, 'CONSTANTS': {'constant_2': <function <lambda> at 0x0000026050B1F3A0>, 'constant_3': <function <lambda> at 0x0000026050B2C3A0>, 'constant_4': <function <lambda> at 0x0000026050B2C430>, 'constant_5': <function <lambda> at 0x0000026050B2C4C0>, 'constant__1': <function <lambda> at 0x0000026050B2C550>}, 'p_c': 0.2, 'init_pop_size': 100, 'init_depth': 6, 'p_test': 0.2}"
4bcefd8d-81b7-11ef-8dc5-18c04d6299ac,"{'log': 1, 'verbose': 1, 'run_info': ['SLIM+SIG2', UUID('4bcefd8d-81b7-11ef-8dc5-18c04d6299ac'), 'ppb'], 'ffunction': <function rmse at 0x00000277E3D0B1F0>, 'max_depth': None, 'reconstruct': True, 'log_path': 'C:\\Users\\Utilizador\\Documents\\Doutoramento\\slim\\slim\\log\\slim.csv', 'elitism': True, 'n_elites': 1, 'n_iter': 100, 'test_elite': True, 'initializer': <function rhh at 0x00000277E3D02790>, 'selector': <function tournament_selection_min_slim.<locals>.ts at 0x00000277E3D0B700>, 'crossover': <function geometric_crossover at 0x00000277E3D02940>, 'ms': <function generate_random_uniform.<locals>.generate_num at 0x00000277E3D73A60>, 'inflate_mutator': <function inflate_mutation.<locals>.inflate at 0x00000277E3D3A1F0>, 'deflate_mutator': <function deflate_mutation at 0x00000277E3D02EE0>, 'p_xo': 0, 'settings_dict': {'p_test': 0.2}, 'find_elit_func': <function get_best_min at 0x00000277E3CF1E50>, 'p_inflate': 0.5, 'copy_parent': False, 'operator': 'sum', 'p_m': 1, 'two_trees': True, 'p_deflate': 0.5, 'pop_size': 100, 'FUNCTIONS': {'add': {'function': <built-in method add of type object at 0x00007FF8BC09EE80>, 'arity': 2}, 'subtract': {'function': <built-in method sub of type object at 0x00007FF8BC09EE80>, 'arity': 2}, 'multiply': {'function': <built-in method mul of type object at 0x00007FF8BC09EE80>, 'arity': 2}, 'divide': {'function': <function protected_div at 0x00000277CACF71F0>, 'arity': 2}}, 'CONSTANTS': {'constant_2': <function <lambda> at 0x00000277E3D024C0>, 'constant_3': <function <lambda> at 0x00000277E3D0B4C0>, 'constant_4': <function <lambda> at 0x00000277E3D0B550>, 'constant_5': <function <lambda> at 0x00000277E3D0B5E0>, 'constant__1': <function <lambda> at 0x00000277E3D0B670>}, 'p_c': 0.2, 'init_pop_size': 100, 'init_depth': 6, 'p_test': 0.2}"
b6fda283-81b7-11ef-b8e3-18c04d6299ac,"{'log': 1, 'verbose': 1, 'run_info': ['SLIM+SIG2', UUID('b6fda283-81b7-11ef-b8e3-18c04d6299ac'), 'ppb'], 'ffunction': <function rmse at 0x00000158DB44B280>, 'max_depth': None, 'reconstruct': True, 'log_path': 'C:\\Users\\Utilizador\\Documents\\Doutoramento\\slim\\slim\\log\\slim.csv', 'elitism': True, 'n_elites': 1, 'n_iter': 100, 'test_elite': True, 'initializer': <function rhh at 0x00000158DB43F820>, 'selector': <function tournament_selection_min_slim.<locals>.ts at 0x00000158DB44B790>, 'crossover': <function geometric_crossover at 0x00000158DB43F9D0>, 'ms': <function generate_random_uniform.<locals>.generate_num at 0x00000158DB5AEB80>, 'inflate_mutator': <function inflate_mutation.<locals>.inflate at 0x00000158DB5A2310>, 'deflate_mutator': <function deflate_mutation at 0x00000158DB43FF70>, 'p_xo': 0, 'settings_dict': {'p_test': 0.2}, 'find_elit_func': <function get_best_min at 0x00000158DB432EE0>, 'p_inflate': 0.5, 'copy_parent': False, 'operator': 'sum', 'p_m': 1, 'two_trees': True, 'p_deflate': 0.5, 'pop_size': 100, 'FUNCTIONS': {'add': {'function': <built-in method add of type object at 0x00007FF8BC09EE80>, 'arity': 2}, 'subtract': {'function': <built-in method sub of type object at 0x00007FF8BC09EE80>, 'arity': 2}, 'multiply': {'function': <built-in method mul of type object at 0x00007FF8BC09EE80>, 'arity': 2}, 'divide': {'function': <function protected_div at 0x00000158C2446280>, 'arity': 2}}, 'CONSTANTS': {'constant_2': <function <lambda> at 0x00000158DB43F550>, 'constant_3': <function <lambda> at 0x00000158DB44B550>, 'constant_4': <function <lambda> at 0x00000158DB44B5E0>, 'constant_5': <function <lambda> at 0x00000158DB44B670>, 'constant__1': <function <lambda> at 0x00000158DB44B700>}, 'p_c': 0.2, 'init_pop_size': 100, 'init_depth': 6, 'p_test': 0.2}"
c9a0849a-81b7-11ef-8919-18c04d6299ac,"{'log': 1, 'verbose': 1, 'run_info': ['SLIM+SIG2', UUID('c9a0849a-81b7-11ef-8919-18c04d6299ac'), 'ppb'], 'ffunction': <function rmse at 0x0000020E6FDFC280>, 'max_depth': None, 'reconstruct': True, 'log_path': 'C:\\Users\\Utilizador\\Documents\\Doutoramento\\slim\\slim\\log\\slim.csv', 'elitism': True, 'n_elites': 1, 'n_iter': 100, 'test_elite': True, 'initializer': <function rhh at 0x0000020E6FDF0820>, 'selector': <function tournament_selection_min_slim.<locals>.ts at 0x0000020E6FDFC790>, 'crossover': <function geometric_crossover at 0x0000020E6FDF09D0>, 'ms': <function generate_random_uniform.<locals>.generate_num at 0x0000020E6FF5FB80>, 'inflate_mutator': <function inflate_mutation.<locals>.inflate at 0x0000020E6FF52310>, 'deflate_mutator': <function deflate_mutation at 0x0000020E6FDF0F70>, 'p_xo': 0, 'settings_dict': {'p_test': 0.2}, 'find_elit_func': <function get_best_min at 0x0000020E6FDE2EE0>, 'p_inflate': 0.5, 'copy_parent': False, 'operator': 'sum', 'p_m': 1, 'two_trees': True, 'p_deflate': 0.5, 'pop_size': 100, 'FUNCTIONS': {'add': {'function': <built-in method add of type object at 0x00007FF8BC09EE80>, 'arity': 2}, 'subtract': {'function': <built-in method sub of type object at 0x00007FF8BC09EE80>, 'arity': 2}, 'multiply': {'function': <built-in method mul of type object at 0x00007FF8BC09EE80>, 'arity': 2}, 'divide': {'function': <function protected_div at 0x0000020E56DF6280>, 'arity': 2}}, 'CONSTANTS': {'constant_2': <function <lambda> at 0x0000020E6FDF0550>, 'constant_3': <function <lambda> at 0x0000020E6FDFC550>, 'constant_4': <function <lambda> at 0x0000020E6FDFC5E0>, 'constant_5': <function <lambda> at 0x0000020E6FDFC670>, 'constant__1': <function <lambda> at 0x0000020E6FDFC700>}, 'p_c': 0.2, 'init_pop_size': 100, 'init_depth': 6, 'p_test': 0.2}"
d89d77df-81b7-11ef-9b5a-18c04d6299ac,"{'log': 1, 'verbose': 1, 'run_info': ['SLIM+SIG2', UUID('d89d77df-81b7-11ef-9b5a-18c04d6299ac'), 'ppb'], 'ffunction': <function rmse at 0x000001F172A3B280>, 'max_depth': None, 'reconstruct': True, 'log_path': 'C:\\Users\\Utilizador\\Documents\\Doutoramento\\slim\\slim\\log\\slim.csv', 'elitism': True, 'n_elites': 1, 'n_iter': 100, 'test_elite': True, 'initializer': <function rhh at 0x000001F172A2F820>, 'selector': <function tournament_selection_min_slim.<locals>.ts at 0x000001F172A3B790>, 'crossover': <function geometric_crossover at 0x000001F172A2F9D0>, 'ms': <function generate_random_uniform.<locals>.generate_num at 0x000001F172B9FB80>, 'inflate_mutator': <function inflate_mutation.<locals>.inflate at 0x000001F172B92310>, 'deflate_mutator': <function deflate_mutation at 0x000001F172A2FF70>, 'p_xo': 0, 'settings_dict': {'p_test': 0.2}, 'find_elit_func': <function get_best_min at 0x000001F172A22EE0>, 'p_inflate': 0.5, 'copy_parent': False, 'operator': 'sum', 'p_m': 1, 'two_trees': True, 'p_deflate': 0.5, 'pop_size': 100, 'FUNCTIONS': {'add': {'function': <built-in method add of type object at 0x00007FF8BC09EE80>, 'arity': 2}, 'subtract': {'function': <built-in method sub of type object at 0x00007FF8BC09EE80>, 'arity': 2}, 'multiply': {'function': <built-in method mul of type object at 0x00007FF8BC09EE80>, 'arity': 2}, 'divide': {'function': <function protected_div at 0x000001F159A36280>, 'arity': 2}}, 'CONSTANTS': {'constant_2': <function <lambda> at 0x000001F172A2F550>, 'constant_3': <function <lambda> at 0x000001F172A3B550>, 'constant_4': <function <lambda> at 0x000001F172A3B5E0>, 'constant_5': <function <lambda> at 0x000001F172A3B670>, 'constant__1': <function <lambda> at 0x000001F172A3B700>}, 'p_c': 0.2, 'init_pop_size': 100, 'init_depth': 6, 'p_test': 0.2}"
e32295c3-81b7-11ef-ad66-18c04d6299ac,"{'log': 1, 'verbose': 1, 'run_info': ['SLIM+SIG2', UUID('e32295c3-81b7-11ef-ad66-18c04d6299ac'), 'ppb'], 'ffunction': <function rmse at 0x00000247C674B280>, 'max_depth': None, 'reconstruct': True, 'log_path': 'C:\\Users\\Utilizador\\Documents\\Doutoramento\\slim\\slim\\log\\slim.csv', 'elitism': True, 'n_elites': 1, 'n_iter': 100, 'test_elite': True, 'initializer': <function rhh at 0x00000247C673F820>, 'selector': <function tournament_selection_min_slim.<locals>.ts at 0x00000247C674B790>, 'crossover': <function geometric_crossover at 0x00000247C673F9D0>, 'ms': <function generate_random_uniform.<locals>.generate_num at 0x00000247C68AFB80>, 'inflate_mutator': <function inflate_mutation.<locals>.inflate at 0x00000247C68A1310>, 'deflate_mutator': <function deflate_mutation at 0x00000247C673FF70>, 'p_xo': 0, 'settings_dict': {'p_test': 0.2}, 'find_elit_func': <function get_best_min at 0x00000247C6731EE0>, 'p_inflate': 0.5, 'copy_parent': False, 'operator': 'sum', 'p_m': 1, 'two_trees': True, 'p_deflate': 0.5, 'pop_size': 100, 'FUNCTIONS': {'add': {'function': <built-in method add of type object at 0x00007FF8BC09EE80>, 'arity': 2}, 'subtract': {'function': <built-in method sub of type object at 0x00007FF8BC09EE80>, 'arity': 2}, 'multiply': {'function': <built-in method mul of type object at 0x00007FF8BC09EE80>, 'arity': 2}, 'divide': {'function': <function protected_div at 0x00000247AD745280>, 'arity': 2}}, 'CONSTANTS': {'constant_2': <function <lambda> at 0x00000247C673F550>, 'constant_3': <function <lambda> at 0x00000247C674B550>, 'constant_4': <function <lambda> at 0x00000247C674B5E0>, 'constant_5': <function <lambda> at 0x00000247C674B670>, 'constant__1': <function <lambda> at 0x00000247C674B700>}, 'p_c': 0.2, 'init_pop_size': 100, 'init_depth': 6, 'p_test': 0.2}"
eb6646d0-81b7-11ef-aec3-18c04d6299ac,"{'log': 1, 'verbose': 1, 'run_info': ['SLIM+SIG2', UUID('eb6646d0-81b7-11ef-aec3-18c04d6299ac'), 'ppb'], 'ffunction': <function rmse at 0x0000018D1183B280>, 'max_depth': None, 'reconstruct': True, 'log_path': 'C:\\Users\\Utilizador\\Documents\\Doutoramento\\slim\\slim\\log\\slim.csv', 'elitism': True, 'n_elites': 1, 'n_iter': 100, 'test_elite': True, 'initializer': <function rhh at 0x0000018D1182D820>, 'selector': <function tournament_selection_min_slim.<locals>.ts at 0x0000018D1183B790>, 'crossover': <function geometric_crossover at 0x0000018D1182D9D0>, 'ms': <function generate_random_uniform.<locals>.generate_num at 0x0000018D1199EB80>, 'inflate_mutator': <function inflate_mutation.<locals>.inflate at 0x0000018D11992310>, 'deflate_mutator': <function deflate_mutation at 0x0000018D1182DF70>, 'p_xo': 0, 'settings_dict': {'p_test': 0.2}, 'find_elit_func': <function get_best_min at 0x0000018D11821EE0>, 'p_inflate': 0.5, 'copy_parent': False, 'operator': 'sum', 'p_m': 1, 'two_trees': True, 'p_deflate': 0.5, 'pop_size': 100, 'FUNCTIONS': {'add': {'function': <built-in method add of type object at 0x00007FF8BC09EE80>, 'arity': 2}, 'subtract': {'function': <built-in method sub of type object at 0x00007FF8BC09EE80>, 'arity': 2}, 'multiply': {'function': <built-in method mul of type object at 0x00007FF8BC09EE80>, 'arity': 2}, 'divide': {'function': <function protected_div at 0x0000018D78816280>, 'arity': 2}}, 'CONSTANTS': {'constant_2': <function <lambda> at 0x0000018D1182D550>, 'constant_3': <function <lambda> at 0x0000018D1183B550>, 'constant_4': <function <lambda> at 0x0000018D1183B5E0>, 'constant_5': <function <lambda> at 0x0000018D1183B670>, 'constant__1': <function <lambda> at 0x0000018D1183B700>}, 'p_c': 0.2, 'init_pop_size': 100, 'init_depth': 6, 'p_test': 0.2}"
058d752c-81b8-11ef-9482-18c04d6299ac,"{'log': 1, 'verbose': 1, 'run_info': ['SLIM+SIG2', UUID('058d752c-81b8-11ef-9482-18c04d6299ac'), 'ppb'], 'ffunction': <function rmse at 0x000001CC5527B280>, 'max_depth': None, 'reconstruct': True, 'log_path': 'C:\\Users\\Utilizador\\Documents\\Doutoramento\\slim\\slim\\log\\slim.csv', 'elitism': True, 'n_elites': 1, 'n_iter': 100, 'test_elite': True, 'initializer': <function rhh at 0x000001CC5526F820>, 'selector': <function tournament_selection_min_slim.<locals>.ts at 0x000001CC5527B790>, 'crossover': <function geometric_crossover at 0x000001CC5526F9D0>, 'ms': <function generate_random_uniform.<locals>.generate_num at 0x000001CC553DDB80>, 'inflate_mutator': <function inflate_mutation.<locals>.inflate at 0x000001CC553D1310>, 'deflate_mutator': <function deflate_mutation at 0x000001CC5526FF70>, 'p_xo': 0, 'settings_dict': {'p_test': 0.2}, 'find_elit_func': <function get_best_min at 0x000001CC55261EE0>, 'p_inflate': 0.5, 'copy_parent': False, 'operator': 'sum', 'p_m': 1, 'two_trees': True, 'p_deflate': 0.5, 'pop_size': 100, 'FUNCTIONS': {'add': {'function': <built-in method add of type object at 0x00007FF8BC09EE80>, 'arity': 2}, 'subtract': {'function': <built-in method sub of type object at 0x00007FF8BC09EE80>, 'arity': 2}, 'multiply': {'function': <built-in method mul of type object at 0x00007FF8BC09EE80>, 'arity': 2}, 'divide': {'function': <function protected_div at 0x000001CC3C277280>, 'arity': 2}}, 'CONSTANTS': {'constant_2': <function <lambda> at 0x000001CC5526F550>, 'constant_3': <function <lambda> at 0x000001CC5527B550>, 'constant_4': <function <lambda> at 0x000001CC5527B5E0>, 'constant_5': <function <lambda> at 0x000001CC5527B670>, 'constant__1': <function <lambda> at 0x000001CC5527B700>}, 'p_c': 0.2, 'init_pop_size': 100, 'init_depth': 6, 'p_test': 0.2}"
2dfbeda6-81b8-11ef-afa9-18c04d6299ac,"{'log': 1, 'verbose': 1, 'run_info': ['SLIM+SIG2', UUID('2dfbeda6-81b8-11ef-afa9-18c04d6299ac'), 'ppb'], 'ffunction': <function rmse at 0x000001BA15F4C280>, 'max_depth': None, 'reconstruct': True, 'log_path': 'C:\\Users\\Utilizador\\Documents\\Doutoramento\\slim\\slim\\log\\slim.csv', 'elitism': True, 'n_elites': 1, 'n_iter': 100, 'test_elite': True, 'initializer': <function rhh at 0x000001BA15F40820>, 'selector': <function tournament_selection_min_slim.<locals>.ts at 0x000001BA15F4C790>, 'crossover': <function geometric_crossover at 0x000001BA15F409D0>, 'ms': <function generate_random_uniform.<locals>.generate_num at 0x000001BA160ADB80>, 'inflate_mutator': <function inflate_mutation.<locals>.inflate at 0x000001BA16086310>, 'deflate_mutator': <function deflate_mutation at 0x000001BA15F40F70>, 'p_xo': 0, 'settings_dict': {'p_test': 0.2}, 'find_elit_func': <function get_best_min at 0x000001BA15F31EE0>, 'p_inflate': 0.5, 'copy_parent': False, 'operator': 'sum', 'p_m': 1, 'two_trees': True, 'p_deflate': 0.5, 'pop_size': 100, 'FUNCTIONS': {'add': {'function': <built-in method add of type object at 0x00007FF8BC46EE80>, 'arity': 2}, 'subtract': {'function': <built-in method sub of type object at 0x00007FF8BC46EE80>, 'arity': 2}, 'multiply': {'function': <built-in method mul of type object at 0x00007FF8BC46EE80>, 'arity': 2}, 'divide': {'function': <function protected_div at 0x000001BA7CF47280>, 'arity': 2}}, 'CONSTANTS': {'constant_2': <function <lambda> at 0x000001BA15F40550>, 'constant_3': <function <lambda> at 0x000001BA15F4C550>, 'constant_4': <function <lambda> at 0x000001BA15F4C5E0>, 'constant_5': <function <lambda> at 0x000001BA15F4C670>, 'constant__1': <function <lambda> at 0x000001BA15F4C700>}, 'p_c': 0.2, 'init_pop_size': 100, 'init_depth': 6, 'p_test': 0.2}"
46c67ed0-81b8-11ef-bc82-18c04d6299ac,"{'log': 1, 'verbose': 1, 'run_info': ['SLIM+SIG2', UUID('46c67ed0-81b8-11ef-bc82-18c04d6299ac'), 'ppb'], 'ffunction': <function rmse at 0x0000028F92FFB280>, 'max_depth': None, 'reconstruct': True, 'log_path': 'C:\\Users\\Utilizador\\Documents\\Doutoramento\\slim\\slim\\log\\slim.csv', 'elitism': True, 'n_elites': 1, 'n_iter': 100, 'test_elite': True, 'initializer': <function rhh at 0x0000028F92FEF820>, 'selector': <function tournament_selection_min_slim.<locals>.ts at 0x0000028F92FFB790>, 'crossover': <function geometric_crossover at 0x0000028F92FEF9D0>, 'ms': <function generate_random_uniform.<locals>.generate_num at 0x0000028F9315DB80>, 'inflate_mutator': <function inflate_mutation.<locals>.inflate at 0x0000028F93134310>, 'deflate_mutator': <function deflate_mutation at 0x0000028F92FEFF70>, 'p_xo': 0, 'settings_dict': {'p_test': 0.2}, 'find_elit_func': <function get_best_min at 0x0000028F92FE1EE0>, 'p_inflate': 0.5, 'copy_parent': False, 'operator': 'sum', 'p_m': 1, 'two_trees': True, 'p_deflate': 0.5, 'pop_size': 100, 'FUNCTIONS': {'add': {'function': <built-in method add of type object at 0x00007FF8BC09EE80>, 'arity': 2}, 'subtract': {'function': <built-in method sub of type object at 0x00007FF8BC09EE80>, 'arity': 2}, 'multiply': {'function': <built-in method mul of type object at 0x00007FF8BC09EE80>, 'arity': 2}, 'divide': {'function': <function protected_div at 0x0000028FF9FF7280>, 'arity': 2}}, 'CONSTANTS': {'constant_2': <function <lambda> at 0x0000028F92FEF550>, 'constant_3': <function <lambda> at 0x0000028F92FFB550>, 'constant_4': <function <lambda> at 0x0000028F92FFB5E0>, 'constant_5': <function <lambda> at 0x0000028F92FFB670>, 'constant__1': <function <lambda> at 0x0000028F92FFB700>}, 'p_c': 0.2, 'init_pop_size': 100, 'init_depth': 6, 'p_test': 0.2}"
6269d7fd-81b8-11ef-801d-18c04d6299ac,"{'log': 1, 'verbose': 1, 'run_info': ['SLIM+SIG2', UUID('6269d7fd-81b8-11ef-801d-18c04d6299ac'), 'ppb'], 'ffunction': <function rmse at 0x000001A02E65B280>, 'max_depth': None, 'reconstruct': True, 'log_path': 'C:\\Users\\Utilizador\\Documents\\Doutoramento\\slim\\slim\\log\\slim.csv', 'elitism': True, 'n_elites': 1, 'n_iter': 100, 'test_elite': True, 'initializer': <function rhh at 0x000001A02E64F820>, 'selector': <function tournament_selection_min_slim.<locals>.ts at 0x000001A02E65B790>, 'crossover': <function geometric_crossover at 0x000001A02E64F9D0>, 'ms': <function generate_random_uniform.<locals>.generate_num at 0x000001A02E7BFB80>, 'inflate_mutator': <function inflate_mutation.<locals>.inflate at 0x000001A02E7B2310>, 'deflate_mutator': <function deflate_mutation at 0x000001A02E64FF70>, 'p_xo': 0, 'settings_dict': {'p_test': 0.2}, 'find_elit_func': <function get_best_min at 0x000001A02E641EE0>, 'p_inflate': 0.5, 'copy_parent': False, 'operator': 'sum', 'p_m': 1, 'two_trees': True, 'p_deflate': 0.5, 'pop_size': 100, 'FUNCTIONS': {'add': {'function': <built-in method add of type object at 0x00007FF8BC09EE80>, 'arity': 2}, 'subtract': {'function': <built-in method sub of type object at 0x00007FF8BC09EE80>, 'arity': 2}, 'multiply': {'function': <built-in method mul of type object at 0x00007FF8BC09EE80>, 'arity': 2}, 'divide': {'function': <function protected_div at 0x000001A015657280>, 'arity': 2}}, 'CONSTANTS': {'constant_2': <function <lambda> at 0x000001A02E64F550>, 'constant_3': <function <lambda> at 0x000001A02E65B550>, 'constant_4': <function <lambda> at 0x000001A02E65B5E0>, 'constant_5': <function <lambda> at 0x000001A02E65B670>, 'constant__1': <function <lambda> at 0x000001A02E65B700>}, 'p_c': 0.2, 'init_pop_size': 100, 'init_depth': 6, 'p_test': 0.2}"
6ff688da-81b8-11ef-b7b6-18c04d6299ac,"{'log': 1, 'verbose': 1, 'run_info': ['SLIM+SIG2', UUID('6ff688da-81b8-11ef-b7b6-18c04d6299ac'), 'ppb'], 'ffunction': <function rmse at 0x00000225FD27C280>, 'max_depth': None, 'reconstruct': True, 'log_path': 'C:\\Users\\Utilizador\\Documents\\Doutoramento\\slim\\slim\\log\\slim.csv', 'elitism': True, 'n_elites': 1, 'n_iter': 100, 'test_elite': True, 'initializer': <function rhh at 0x00000225FD26F820>, 'selector': <function tournament_selection_min_slim.<locals>.ts at 0x00000225FD27C790>, 'crossover': <function geometric_crossover at 0x00000225FD26F9D0>, 'ms': <function generate_random_uniform.<locals>.generate_num at 0x00000225FD3DDB80>, 'inflate_mutator': <function inflate_mutation.<locals>.inflate at 0x00000225FD3B5310>, 'deflate_mutator': <function deflate_mutation at 0x00000225FD26FF70>, 'p_xo': 0, 'settings_dict': {'p_test': 0.2}, 'find_elit_func': <function get_best_min at 0x00000225FD261EE0>, 'p_inflate': 0.5, 'copy_parent': False, 'operator': 'sum', 'p_m': 1, 'two_trees': True, 'p_deflate': 0.5, 'pop_size': 100, 'FUNCTIONS': {'add': {'function': <built-in method add of type object at 0x00007FF8BC09EE80>, 'arity': 2}, 'subtract': {'function': <built-in method sub of type object at 0x00007FF8BC09EE80>, 'arity': 2}, 'multiply': {'function': <built-in method mul of type object at 0x00007FF8BC09EE80>, 'arity': 2}, 'divide': {'function': <function protected_div at 0x00000225E4276280>, 'arity': 2}}, 'CONSTANTS': {'constant_2': <function <lambda> at 0x00000225FD26F550>, 'constant_3': <function <lambda> at 0x00000225FD27C550>, 'constant_4': <function <lambda> at 0x00000225FD27C5E0>, 'constant_5': <function <lambda> at 0x00000225FD27C670>, 'constant__1': <function <lambda> at 0x00000225FD27C700>}, 'p_c': 0.2, 'init_pop_size': 100, 'init_depth': 6, 'p_test': 0.2}"
a79ed288-81b8-11ef-b46c-18c04d6299ac,"{'log': 1, 'verbose': 1, 'run_info': ['SLIM+SIG2', UUID('a79ed288-81b8-11ef-b46c-18c04d6299ac'), 'ppb'], 'ffunction': <function rmse at 0x0000017E1C85C280>, 'max_depth': None, 'reconstruct': True, 'log_path': 'C:\\Users\\Utilizador\\Documents\\Doutoramento\\slim\\slim\\log\\slim.csv', 'elitism': True, 'n_elites': 1, 'n_iter': 100, 'test_elite': True, 'initializer': <function rhh at 0x0000017E1C84F820>, 'selector': <function tournament_selection_min_slim.<locals>.ts at 0x0000017E1C85C790>, 'crossover': <function geometric_crossover at 0x0000017E1C84F9D0>, 'ms': <function generate_random_uniform.<locals>.generate_num at 0x0000017E1C9BEB80>, 'inflate_mutator': <function inflate_mutation.<locals>.inflate at 0x0000017E1C9B2310>, 'deflate_mutator': <function deflate_mutation at 0x0000017E1C84FF70>, 'p_xo': 0, 'settings_dict': {'p_test': 0.2}, 'find_elit_func': <function get_best_min at 0x0000017E1C841EE0>, 'p_inflate': 0.5, 'copy_parent': False, 'operator': 'sum', 'p_m': 1, 'two_trees': True, 'p_deflate': 0.5, 'pop_size': 100, 'FUNCTIONS': {'add': {'function': <built-in method add of type object at 0x00007FF8BC09EE80>, 'arity': 2}, 'subtract': {'function': <built-in method sub of type object at 0x00007FF8BC09EE80>, 'arity': 2}, 'multiply': {'function': <built-in method mul of type object at 0x00007FF8BC09EE80>, 'arity': 2}, 'divide': {'function': <function protected_div at 0x0000017E03706280>, 'arity': 2}}, 'CONSTANTS': {'constant_2': <function <lambda> at 0x0000017E1C84F550>, 'constant_3': <function <lambda> at 0x0000017E1C85C550>, 'constant_4': <function <lambda> at 0x0000017E1C85C5E0>, 'constant_5': <function <lambda> at 0x0000017E1C85C670>, 'constant__1': <function <lambda> at 0x0000017E1C85C700>}, 'p_c': 0.2, 'init_pop_size': 100, 'init_depth': 6, 'p_test': 0.2}"
b05dd7d1-81b8-11ef-9a63-18c04d6299ac,"{'log': 1, 'verbose': 1, 'run_info': ['SLIM+SIG2', UUID('b05dd7d1-81b8-11ef-9a63-18c04d6299ac'), 'ppb'], 'ffunction': <function rmse at 0x00000246E789C280>, 'max_depth': None, 'reconstruct': True, 'log_path': 'C:\\Users\\Utilizador\\Documents\\Doutoramento\\slim\\slim\\log\\slim.csv', 'elitism': True, 'n_elites': 1, 'n_iter': 100, 'test_elite': True, 'initializer': <function rhh at 0x00000246E7890820>, 'selector': <function tournament_selection_min_slim.<locals>.ts at 0x00000246E789C790>, 'crossover': <function geometric_crossover at 0x00000246E78909D0>, 'ms': <function generate_random_uniform.<locals>.generate_num at 0x00000246E7A0EB80>, 'inflate_mutator': <function inflate_mutation.<locals>.inflate at 0x00000246E79E9310>, 'deflate_mutator': <function deflate_mutation at 0x00000246E7890F70>, 'p_xo': 0, 'settings_dict': {'p_test': 0.2}, 'find_elit_func': <function get_best_min at 0x00000246E7881EE0>, 'p_inflate': 0.5, 'copy_parent': False, 'operator': 'sum', 'p_m': 1, 'two_trees': True, 'p_deflate': 0.5, 'pop_size': 100, 'FUNCTIONS': {'add': {'function': <built-in method add of type object at 0x00007FF8BC09EE80>, 'arity': 2}, 'subtract': {'function': <built-in method sub of type object at 0x00007FF8BC09EE80>, 'arity': 2}, 'multiply': {'function': <built-in method mul of type object at 0x00007FF8BC09EE80>, 'arity': 2}, 'divide': {'function': <function protected_div at 0x00000246CE897280>, 'arity': 2}}, 'CONSTANTS': {'constant_2': <function <lambda> at 0x00000246E7890550>, 'constant_3': <function <lambda> at 0x00000246E789C550>, 'constant_4': <function <lambda> at 0x00000246E789C5E0>, 'constant_5': <function <lambda> at 0x00000246E789C670>, 'constant__1': <function <lambda> at 0x00000246E789C700>}, 'p_c': 0.2, 'init_pop_size': 100, 'init_depth': 6, 'p_test': 0.2}"
